{
    "123456": {
        "name": "Test Sufyaan",
        "pin": "12345",
        "balance": 4850.0,
        "transactions": [
            {
                "timestamp": "2024-07-24T14:14:28.547768",
                "description": "Withdraw: R300.00",
                "amount": 300.0
            },
            {
                "timestamp": "2024-07-24T14:21:12.868877",
                "description": "Transfer from 098765: R150.00",
                "amount": 150.0
            }
        ]
    }
}